{
	"format_version": "1.12.0",
	"minecraft:geometry": [
		{
			"description": {
				"identifier": "geometry.unknown",
				"texture_width": 64,
				"texture_height": 64,
				"visible_bounds_width": 2,
				"visible_bounds_height": 2.5,
				"visible_bounds_offset": [0, 0.75, 0]
			},
			"bones": [
				{
					"name": "jirachi",
					"pivot": [0, 8, 3]
				},
				{
					"name": "face",
					"parent": "jirachi",
					"pivot": [0, 8, 3],
					"cubes": [
						{
							"origin": [-1.9, 5.8, -1.6],
							"size": [0.8, 1.25, 1],
							"uv": {
								"north": {"uv": [3, 23], "uv_size": [1, 1]},
								"east": {"uv": [20, 29], "uv_size": [1, 1]},
								"south": {"uv": [29, 22], "uv_size": [1, 1]},
								"west": {"uv": [29, 23], "uv_size": [1, 1]},
								"up": {"uv": [29, 24], "uv_size": [1, 1]},
								"down": {"uv": [29, 26], "uv_size": [1, -1]}
							}
						},
						{
							"origin": [1.1, 5.8, -1.6],
							"size": [0.8, 1.25, 1],
							"uv": {
								"north": {"uv": [26, 29], "uv_size": [1, 1]},
								"east": {"uv": [29, 26], "uv_size": [1, 1]},
								"south": {"uv": [27, 29], "uv_size": [1, 1]},
								"west": {"uv": [29, 27], "uv_size": [1, 1]},
								"up": {"uv": [28, 29], "uv_size": [1, 1]},
								"down": {"uv": [29, 29], "uv_size": [1, -1]}
							}
						},
						{
							"origin": [-0.5, 5.2, -1.6],
							"size": [1, 0.1, 1],
							"uv": {
								"north": {"uv": [29, 29], "uv_size": [1, 1]},
								"east": {"uv": [30, 0], "uv_size": [1, 1]},
								"south": {"uv": [1, 30], "uv_size": [1, 1]},
								"west": {"uv": [30, 1], "uv_size": [1, 1]},
								"up": {"uv": [2, 30], "uv_size": [1, 1]},
								"down": {"uv": [30, 3], "uv_size": [1, -1]}
							}
						}
					]
				},
				{
					"name": "mouth",
					"parent": "face",
					"pivot": [0.65, 5.25, -1.1],
					"rotation": [0, 0, 45],
					"cubes": [
						{
							"origin": [0.5, 5.1, -1.6],
							"size": [0.1, 0.2, 1],
							"uv": {
								"north": {"uv": [3, 30], "uv_size": [1, 1]},
								"east": {"uv": [4, 30], "uv_size": [1, 1]},
								"south": {"uv": [30, 5], "uv_size": [1, 1]},
								"west": {"uv": [30, 6], "uv_size": [1, 1]},
								"up": {"uv": [30, 7], "uv_size": [1, 1]},
								"down": {"uv": [8, 31], "uv_size": [1, -1]}
							}
						}
					]
				},
				{
					"name": "mouth2",
					"parent": "face",
					"pivot": [-0.35, 5.25, -1.1],
					"rotation": [0, 0, 45],
					"cubes": [
						{
							"origin": [-0.6, 5.1, -1.6],
							"size": [0.2, 0.1, 1],
							"uv": {
								"north": {"uv": [30, 8], "uv_size": [1, 1]},
								"east": {"uv": [9, 30], "uv_size": [1, 1]},
								"south": {"uv": [30, 9], "uv_size": [1, 1]},
								"west": {"uv": [10, 30], "uv_size": [1, 1]},
								"up": {"uv": [30, 10], "uv_size": [1, 1]},
								"down": {"uv": [11, 31], "uv_size": [1, -1]}
							}
						}
					]
				},
				{
					"name": "ueye",
					"parent": "face",
					"pivot": [1.5, 5.8, -1.05],
					"rotation": [0, 0, 45],
					"cubes": [
						{
							"origin": [1.3, 5.6, -1.55],
							"size": [0.4, 0.4, 1],
							"uv": {
								"north": {"uv": [15, 30], "uv_size": [1, 1]},
								"east": {"uv": [30, 15], "uv_size": [1, 1]},
								"south": {"uv": [16, 30], "uv_size": [1, 1]},
								"west": {"uv": [30, 16], "uv_size": [1, 1]},
								"up": {"uv": [30, 17], "uv_size": [1, 1]},
								"down": {"uv": [18, 31], "uv_size": [1, -1]}
							}
						},
						{
							"origin": [-0.8, 3.5, -1.55],
							"size": [0.4, 0.4, 1],
							"uv": {
								"north": {"uv": [30, 11], "uv_size": [1, 1]},
								"east": {"uv": [30, 12], "uv_size": [1, 1]},
								"south": {"uv": [13, 30], "uv_size": [1, 1]},
								"west": {"uv": [30, 13], "uv_size": [1, 1]},
								"up": {"uv": [14, 30], "uv_size": [1, 1]},
								"down": {"uv": [30, 15], "uv_size": [1, -1]}
							}
						}
					]
				},
				{
					"name": "foot",
					"parent": "jirachi",
					"pivot": [0, 8, 3],
					"cubes": [
						{
							"origin": [-1.35, 1.125, -0.5],
							"size": [0.75, 0.75, 1],
							"uv": {
								"north": {"uv": [4, 32], "uv_size": [1, 1]},
								"east": {"uv": [32, 4], "uv_size": [1, 1]},
								"south": {"uv": [5, 32], "uv_size": [1, 1]},
								"west": {"uv": [32, 5], "uv_size": [1, 1]},
								"up": {"uv": [6, 32], "uv_size": [1, 1]},
								"down": {"uv": [32, 7], "uv_size": [1, -1]}
							}
						},
						{
							"origin": [0.55, 1.1, -0.5],
							"size": [0.75, 0.75, 1],
							"uv": {
								"north": {"uv": [7, 32], "uv_size": [1, 1]},
								"east": {"uv": [32, 7], "uv_size": [1, 1]},
								"south": {"uv": [8, 32], "uv_size": [1, 1]},
								"west": {"uv": [32, 8], "uv_size": [1, 1]},
								"up": {"uv": [9, 32], "uv_size": [1, 1]},
								"down": {"uv": [32, 10], "uv_size": [1, -1]}
							}
						}
					]
				},
				{
					"name": "head",
					"parent": "jirachi",
					"pivot": [0, 8, 3]
				},
				{
					"name": "c0",
					"parent": "head",
					"pivot": [0, 8, 3],
					"cubes": [
						{
							"origin": [-2.5, 5, -1.5],
							"size": [5, 4, 4],
							"uv": {
								"north": {"uv": [14, 14], "uv_size": [5, 4]},
								"east": {"uv": [0, 19], "uv_size": [4, 4]},
								"south": {"uv": [0, 15], "uv_size": [5, 4]},
								"west": {"uv": [19, 12], "uv_size": [4, 4]},
								"up": {"uv": [16, 8], "uv_size": [5, 4]},
								"down": {"uv": [5, 21], "uv_size": [5, -4]}
							}
						},
						{
							"origin": [-1.5, 4.4, -1.25],
							"size": [3, 0.3, 3],
							"uv": {
								"north": {"uv": [14, 25], "uv_size": [3, 1]},
								"east": {"uv": [17, 25], "uv_size": [3, 1]},
								"south": {"uv": [20, 25], "uv_size": [3, 1]},
								"west": {"uv": [25, 23], "uv_size": [3, 1]},
								"up": {"uv": [4, 21], "uv_size": [3, 3]},
								"down": {"uv": [7, 24], "uv_size": [3, -3]}
							}
						},
						{
							"origin": [-2, 4.7, -1.25],
							"size": [4, 1, 3.5],
							"uv": {
								"north": {"uv": [10, 17], "uv_size": [4, 1]},
								"east": {"uv": [24, 17], "uv_size": [4, 1]},
								"south": {"uv": [24, 18], "uv_size": [4, 1]},
								"west": {"uv": [19, 24], "uv_size": [4, 1]},
								"up": {"uv": [20, 0], "uv_size": [4, 4]},
								"down": {"uv": [20, 8], "uv_size": [4, -4]}
							}
						},
						{
							"origin": [-2.25, 5.25, 1.75],
							"size": [4.5, 3.5, 1],
							"uv": {
								"north": {"uv": [10, 18], "uv_size": [5, 4]},
								"east": {"uv": [8, 24], "uv_size": [1, 4]},
								"south": {"uv": [15, 18], "uv_size": [5, 4]},
								"west": {"uv": [9, 24], "uv_size": [1, 4]},
								"up": {"uv": [24, 10], "uv_size": [5, 1]},
								"down": {"uv": [24, 17], "uv_size": [5, -1]}
							}
						}
					]
				},
				{
					"name": "c2",
					"parent": "c0",
					"pivot": [-8.75, 13.25, 6.25],
					"cubes": [
						{
							"origin": [-0.75, 7, -1.75],
							"size": [1.5, 0.5, 1],
							"uv": {
								"north": {"uv": [21, 11], "uv_size": [2, 1]},
								"east": {"uv": [30, 18], "uv_size": [1, 1]},
								"south": {"uv": [21, 26], "uv_size": [2, 1]},
								"west": {"uv": [19, 30], "uv_size": [1, 1]},
								"up": {"uv": [6, 27], "uv_size": [2, 1]},
								"down": {"uv": [27, 7], "uv_size": [2, -1]}
							}
						},
						{
							"origin": [-1.25, 7.5, -1.75],
							"size": [2.5, 1.25, 1],
							"uv": {
								"north": {"uv": [25, 24], "uv_size": [3, 1]},
								"east": {"uv": [27, 30], "uv_size": [1, 1]},
								"south": {"uv": [25, 25], "uv_size": [3, 1]},
								"west": {"uv": [30, 27], "uv_size": [1, 1]},
								"up": {"uv": [0, 26], "uv_size": [3, 1]},
								"down": {"uv": [26, 4], "uv_size": [3, -1]}
							}
						}
					]
				},
				{
					"name": "c6",
					"parent": "c2",
					"pivot": [1.5, 7.875, -1.25],
					"rotation": [0, 0, 22.5],
					"cubes": [
						{
							"origin": [1.05, 7.5, -1.75],
							"size": [1.8, 0.9, 1],
							"uv": {
								"north": {"uv": [20, 30], "uv_size": [1, 1]},
								"east": {"uv": [21, 30], "uv_size": [1, 1]},
								"south": {"uv": [22, 30], "uv_size": [1, 1]},
								"west": {"uv": [30, 22], "uv_size": [1, 1]},
								"up": {"uv": [23, 30], "uv_size": [1, 1]},
								"down": {"uv": [30, 24], "uv_size": [1, -1]}
							}
						}
					]
				},
				{
					"name": "c7",
					"parent": "c2",
					"pivot": [-1.5, 8.125, -1.25],
					"rotation": [0, 0, -22.5],
					"cubes": [
						{
							"origin": [-2.9, 7.5, -1.75],
							"size": [1.8, 0.9, 1],
							"uv": {
								"north": {"uv": [24, 30], "uv_size": [1, 1]},
								"east": {"uv": [30, 24], "uv_size": [1, 1]},
								"south": {"uv": [25, 30], "uv_size": [1, 1]},
								"west": {"uv": [30, 25], "uv_size": [1, 1]},
								"up": {"uv": [26, 30], "uv_size": [1, 1]},
								"down": {"uv": [30, 27], "uv_size": [1, -1]}
							}
						}
					]
				},
				{
					"name": "c1",
					"parent": "head",
					"pivot": [-3, 19, 11],
					"cubes": [
						{
							"origin": [-3.5, 5.2, -0.75],
							"size": [7, 3.5, 3],
							"uv": {
								"north": {"uv": [9, 8], "uv_size": [7, 3]},
								"east": {"uv": [21, 8], "uv_size": [3, 3]},
								"south": {"uv": [9, 11], "uv_size": [7, 3]},
								"west": {"uv": [10, 22], "uv_size": [3, 3]},
								"up": {"uv": [0, 12], "uv_size": [7, 3]},
								"down": {"uv": [7, 17], "uv_size": [7, -3]}
							}
						},
						{
							"origin": [-4.5, 5.4, -0.5],
							"size": [9, 3, 2.5],
							"uv": {
								"north": {"uv": [0, 0], "uv_size": [9, 3]},
								"east": {"uv": [13, 22], "uv_size": [3, 3]},
								"south": {"uv": [0, 3], "uv_size": [9, 3]},
								"west": {"uv": [16, 22], "uv_size": [3, 3]},
								"up": {"uv": [0, 6], "uv_size": [9, 3]},
								"down": {"uv": [0, 12], "uv_size": [9, -3]}
							}
						},
						{
							"origin": [-5.5, 5.8, -0.25],
							"size": [11, 2, 2],
							"uv": {
								"north": {"uv": [9, 0], "uv_size": [11, 2]},
								"east": {"uv": [7, 12], "uv_size": [2, 2]},
								"south": {"uv": [9, 2], "uv_size": [11, 2]},
								"west": {"uv": [5, 15], "uv_size": [2, 2]},
								"up": {"uv": [9, 4], "uv_size": [11, 2]},
								"down": {"uv": [9, 8], "uv_size": [11, -2]}
							}
						},
						{
							"origin": [5, 6.2, 0],
							"size": [1, 1, 1.5],
							"uv": {
								"north": {"uv": [28, 30], "uv_size": [1, 1]},
								"east": {"uv": [27, 7], "uv_size": [2, 1]},
								"south": {"uv": [30, 28], "uv_size": [1, 1]},
								"west": {"uv": [27, 8], "uv_size": [2, 1]},
								"up": {"uv": [4, 19], "uv_size": [1, 2]},
								"down": {"uv": [19, 18], "uv_size": [1, -2]}
							}
						},
						{
							"origin": [-6, 6.3, 0],
							"size": [1, 1, 1.5],
							"uv": {
								"north": {"uv": [29, 30], "uv_size": [1, 1]},
								"east": {"uv": [27, 9], "uv_size": [2, 1]},
								"south": {"uv": [30, 29], "uv_size": [1, 1]},
								"west": {"uv": [10, 27], "uv_size": [2, 1]},
								"up": {"uv": [19, 22], "uv_size": [1, 2]},
								"down": {"uv": [12, 29], "uv_size": [1, -2]}
							}
						}
					]
				},
				{
					"name": "c3",
					"parent": "head",
					"pivot": [0, 8, 3],
					"cubes": [
						{
							"origin": [-2.2, 9, -1.25],
							"size": [4.5, 1, 3.5],
							"uv": {
								"north": {"uv": [24, 19], "uv_size": [4, 1]},
								"east": {"uv": [24, 20], "uv_size": [4, 1]},
								"south": {"uv": [24, 21], "uv_size": [4, 1]},
								"west": {"uv": [24, 22], "uv_size": [4, 1]},
								"up": {"uv": [20, 16], "uv_size": [4, 4]},
								"down": {"uv": [20, 24], "uv_size": [4, -4]}
							}
						},
						{
							"origin": [-1.7, 10, -1],
							"size": [3.5, 1, 3],
							"uv": {
								"north": {"uv": [26, 4], "uv_size": [3, 1]},
								"east": {"uv": [26, 5], "uv_size": [3, 1]},
								"south": {"uv": [26, 11], "uv_size": [3, 1]},
								"west": {"uv": [26, 12], "uv_size": [3, 1]},
								"up": {"uv": [0, 23], "uv_size": [3, 3]},
								"down": {"uv": [23, 14], "uv_size": [3, -3]}
							}
						},
						{
							"origin": [-1.2, 11, -0.75],
							"size": [2.5, 1, 2.5],
							"uv": {
								"north": {"uv": [13, 27], "uv_size": [2, 1]},
								"east": {"uv": [26, 13], "uv_size": [3, 1]},
								"south": {"uv": [15, 27], "uv_size": [2, 1]},
								"west": {"uv": [14, 26], "uv_size": [3, 1]},
								"up": {"uv": [24, 3], "uv_size": [2, 3]},
								"down": {"uv": [6, 27], "uv_size": [2, -3]}
							}
						},
						{
							"origin": [-0.4, 11.5, -0.5],
							"size": [1, 1, 2],
							"uv": {
								"north": {"uv": [30, 30], "uv_size": [1, 1]},
								"east": {"uv": [21, 27], "uv_size": [2, 1]},
								"south": {"uv": [0, 31], "uv_size": [1, 1]},
								"west": {"uv": [24, 27], "uv_size": [2, 1]},
								"up": {"uv": [26, 27], "uv_size": [1, 2]},
								"down": {"uv": [27, 29], "uv_size": [1, -2]}
							}
						}
					]
				},
				{
					"name": "c4",
					"parent": "head",
					"pivot": [3, 6.5, 6.5],
					"cubes": [
						{
							"origin": [2.3, 6, -1],
							"size": [1, 1, 0.5],
							"uv": {
								"north": {"uv": [31, 0], "uv_size": [1, 1]},
								"east": {"uv": [1, 31], "uv_size": [1, 1]},
								"south": {"uv": [31, 1], "uv_size": [1, 1]},
								"west": {"uv": [2, 31], "uv_size": [1, 1]},
								"up": {"uv": [31, 2], "uv_size": [1, 1]},
								"down": {"uv": [3, 32], "uv_size": [1, -1]}
							}
						},
						{
							"origin": [2.5, 5, -1.25],
							"size": [1, 1, 0.75],
							"uv": {
								"north": {"uv": [31, 3], "uv_size": [1, 1]},
								"east": {"uv": [4, 31], "uv_size": [1, 1]},
								"south": {"uv": [31, 4], "uv_size": [1, 1]},
								"west": {"uv": [5, 31], "uv_size": [1, 1]},
								"up": {"uv": [31, 5], "uv_size": [1, 1]},
								"down": {"uv": [6, 32], "uv_size": [1, -1]}
							}
						},
						{
							"origin": [2.5, 4, -1.5],
							"size": [1.2, 1, 1],
							"uv": {
								"north": {"uv": [31, 6], "uv_size": [1, 1]},
								"east": {"uv": [7, 31], "uv_size": [1, 1]},
								"south": {"uv": [31, 7], "uv_size": [1, 1]},
								"west": {"uv": [8, 31], "uv_size": [1, 1]},
								"up": {"uv": [31, 8], "uv_size": [1, 1]},
								"down": {"uv": [9, 32], "uv_size": [1, -1]}
							}
						}
					]
				},
				{
					"name": "c5",
					"parent": "head",
					"pivot": [-11, 11, 14],
					"cubes": [
						{
							"origin": [-3.3, 6, -1],
							"size": [1, 1, 0.5],
							"uv": {
								"north": {"uv": [31, 9], "uv_size": [1, 1]},
								"east": {"uv": [10, 31], "uv_size": [1, 1]},
								"south": {"uv": [31, 10], "uv_size": [1, 1]},
								"west": {"uv": [11, 31], "uv_size": [1, 1]},
								"up": {"uv": [31, 11], "uv_size": [1, 1]},
								"down": {"uv": [12, 32], "uv_size": [1, -1]}
							}
						},
						{
							"origin": [-3.5, 5, -1.25],
							"size": [1, 1, 0.75],
							"uv": {
								"north": {"uv": [31, 12], "uv_size": [1, 1]},
								"east": {"uv": [13, 31], "uv_size": [1, 1]},
								"south": {"uv": [31, 13], "uv_size": [1, 1]},
								"west": {"uv": [14, 31], "uv_size": [1, 1]},
								"up": {"uv": [31, 14], "uv_size": [1, 1]},
								"down": {"uv": [15, 32], "uv_size": [1, -1]}
							}
						},
						{
							"origin": [-3.7, 4, -1.5],
							"size": [1.2, 1, 1],
							"uv": {
								"north": {"uv": [31, 15], "uv_size": [1, 1]},
								"east": {"uv": [16, 31], "uv_size": [1, 1]},
								"south": {"uv": [31, 16], "uv_size": [1, 1]},
								"west": {"uv": [17, 31], "uv_size": [1, 1]},
								"up": {"uv": [31, 17], "uv_size": [1, 1]},
								"down": {"uv": [18, 32], "uv_size": [1, -1]}
							}
						}
					]
				},
				{
					"name": "pray",
					"parent": "head",
					"pivot": [0, 8, 3],
					"cubes": [
						{
							"origin": [5, 3.75, -0.3],
							"size": [1, 3, 0],
							"uv": {
								"north": {"uv": [17, 26], "uv_size": [1, 3]},
								"east": {"uv": [0, 0], "uv_size": [0, 3]},
								"south": {"uv": [18, 26], "uv_size": [1, 3]},
								"west": {"uv": [0, 0], "uv_size": [0, 3]},
								"up": {"uv": [0, 0], "uv_size": [1, 0]},
								"down": {"uv": [0, 0], "uv_size": [1, 0]}
							}
						},
						{
							"origin": [-6, 3.75, -0.3],
							"size": [1, 3, 0],
							"uv": {
								"north": {"uv": [19, 26], "uv_size": [1, 3]},
								"east": {"uv": [0, 0], "uv_size": [0, 3]},
								"south": {"uv": [20, 26], "uv_size": [1, 3]},
								"west": {"uv": [0, 0], "uv_size": [0, 3]},
								"up": {"uv": [0, 0], "uv_size": [1, 0]},
								"down": {"uv": [0, 0], "uv_size": [1, 0]}
							}
						}
					]
				},
				{
					"name": "pray2",
					"parent": "pray",
					"pivot": [0.1, 10.5, -0.8],
					"rotation": [-22.5, 0, 0],
					"cubes": [
						{
							"origin": [-0.4, 8.4, -1.3],
							"size": [1, 3.5, 0],
							"uv": {
								"north": {"uv": [23, 24], "uv_size": [1, 4]},
								"east": {"uv": [0, 0], "uv_size": [0, 4]},
								"south": {"uv": [24, 23], "uv_size": [1, 4]},
								"west": {"uv": [0, 0], "uv_size": [0, 4]},
								"up": {"uv": [0, 0], "uv_size": [1, 0]},
								"down": {"uv": [0, 0], "uv_size": [1, 0]}
							}
						}
					]
				},
				{
					"name": "hand",
					"parent": "jirachi",
					"pivot": [0, 8, 3]
				},
				{
					"name": "rhand",
					"parent": "hand",
					"pivot": [-1.625, 3.25, 0],
					"rotation": [0, 0, 22.5],
					"cubes": [
						{
							"origin": [-2, 2.2, -0.5],
							"size": [0.75, 2.3, 1],
							"uv": {
								"north": {"uv": [13, 28], "uv_size": [1, 2]},
								"east": {"uv": [14, 28], "uv_size": [1, 2]},
								"south": {"uv": [15, 28], "uv_size": [1, 2]},
								"west": {"uv": [16, 28], "uv_size": [1, 2]},
								"up": {"uv": [3, 32], "uv_size": [1, 1]},
								"down": {"uv": [32, 4], "uv_size": [1, -1]}
							}
						}
					]
				},
				{
					"name": "lhand",
					"parent": "hand",
					"pivot": [1.625, 3.25, 0],
					"rotation": [0, 0, -22.5],
					"cubes": [
						{
							"origin": [1.25, 2.2, -0.5],
							"size": [0.75, 2.3, 1],
							"uv": {
								"north": {"uv": [8, 28], "uv_size": [1, 2]},
								"east": {"uv": [9, 28], "uv_size": [1, 2]},
								"south": {"uv": [10, 28], "uv_size": [1, 2]},
								"west": {"uv": [11, 28], "uv_size": [1, 2]},
								"up": {"uv": [2, 32], "uv_size": [1, 1]},
								"down": {"uv": [32, 3], "uv_size": [1, -1]}
							}
						}
					]
				},
				{
					"name": "body",
					"parent": "jirachi",
					"pivot": [0, 8, 3]
				},
				{
					"name": "body2",
					"parent": "body",
					"pivot": [0, 8, 3],
					"cubes": [
						{
							"origin": [-1, 3.4, -0.75],
							"size": [2, 1, 2],
							"uv": {
								"north": {"uv": [0, 28], "uv_size": [2, 1]},
								"east": {"uv": [2, 28], "uv_size": [2, 1]},
								"south": {"uv": [4, 28], "uv_size": [2, 1]},
								"west": {"uv": [6, 28], "uv_size": [2, 1]},
								"up": {"uv": [10, 25], "uv_size": [2, 2]},
								"down": {"uv": [12, 27], "uv_size": [2, -2]}
							}
						},
						{
							"origin": [-1.5, 1.5, -1],
							"size": [3, 2, 2.5],
							"uv": {
								"north": {"uv": [16, 12], "uv_size": [3, 2]},
								"east": {"uv": [23, 14], "uv_size": [3, 2]},
								"south": {"uv": [24, 6], "uv_size": [3, 2]},
								"west": {"uv": [24, 8], "uv_size": [3, 2]},
								"up": {"uv": [24, 0], "uv_size": [3, 3]},
								"down": {"uv": [3, 27], "uv_size": [3, -3]}
							}
						}
					]
				},
				{
					"name": "moon",
					"parent": "body",
					"pivot": [-0.7, 2.45, 7],
					"cubes": [
						{
							"origin": [-0.4, 2.3, -1.1],
							"size": [0.8, 0.1, 1],
							"uv": {
								"north": {"uv": [31, 24], "uv_size": [1, 1]},
								"east": {"uv": [25, 31], "uv_size": [1, 1]},
								"south": {"uv": [31, 25], "uv_size": [1, 1]},
								"west": {"uv": [26, 31], "uv_size": [1, 1]},
								"up": {"uv": [31, 26], "uv_size": [1, 1]},
								"down": {"uv": [27, 32], "uv_size": [1, -1]}
							}
						}
					]
				},
				{
					"name": "moon2",
					"parent": "moon",
					"pivot": [-0.95, 2.75, -1],
					"rotation": [0, 0, -22.5],
					"cubes": [
						{
							"origin": [-1.025, 2.55, -1.1],
							"size": [0.1, 0.4, 1],
							"uv": {
								"north": {"uv": [31, 18], "uv_size": [1, 1]},
								"east": {"uv": [19, 31], "uv_size": [1, 1]},
								"south": {"uv": [31, 19], "uv_size": [1, 1]},
								"west": {"uv": [20, 31], "uv_size": [1, 1]},
								"up": {"uv": [31, 20], "uv_size": [1, 1]},
								"down": {"uv": [21, 32], "uv_size": [1, -1]}
							}
						}
					]
				},
				{
					"name": "moon3",
					"parent": "moon",
					"pivot": [-0.6, 2.45, -1],
					"rotation": [0, 0, 22.5],
					"cubes": [
						{
							"origin": [-0.95, 2.4, -1.1],
							"size": [0.6, 0.1, 1],
							"uv": {
								"north": {"uv": [31, 21], "uv_size": [1, 1]},
								"east": {"uv": [22, 31], "uv_size": [1, 1]},
								"south": {"uv": [31, 22], "uv_size": [1, 1]},
								"west": {"uv": [23, 31], "uv_size": [1, 1]},
								"up": {"uv": [31, 23], "uv_size": [1, 1]},
								"down": {"uv": [24, 32], "uv_size": [1, -1]}
							}
						}
					]
				},
				{
					"name": "moon4",
					"parent": "moon",
					"pivot": [0.95, 2.75, -1],
					"rotation": [0, 0, 22.5],
					"cubes": [
						{
							"origin": [0.925, 2.555, -1.1],
							"size": [0.1, 0.4, 1],
							"uv": {
								"north": {"uv": [31, 30], "uv_size": [1, 1]},
								"east": {"uv": [31, 31], "uv_size": [1, 1]},
								"south": {"uv": [0, 32], "uv_size": [1, 1]},
								"west": {"uv": [32, 0], "uv_size": [1, 1]},
								"up": {"uv": [1, 32], "uv_size": [1, 1]},
								"down": {"uv": [32, 2], "uv_size": [1, -1]}
							}
						}
					]
				},
				{
					"name": "moon5",
					"parent": "moon",
					"pivot": [-0.7, 2.45, 7],
					"rotation": [0, 0, -22.5],
					"cubes": [
						{
							"origin": [0.25, 1.9, -1.1],
							"size": [0.6, 0.1, 1],
							"uv": {
								"north": {"uv": [31, 27], "uv_size": [1, 1]},
								"east": {"uv": [28, 31], "uv_size": [1, 1]},
								"south": {"uv": [31, 28], "uv_size": [1, 1]},
								"west": {"uv": [29, 31], "uv_size": [1, 1]},
								"up": {"uv": [31, 29], "uv_size": [1, 1]},
								"down": {"uv": [30, 32], "uv_size": [1, -1]}
							}
						}
					]
				},
				{
					"name": "wing",
					"parent": "jirachi",
					"pivot": [0, 8, 3],
					"cubes": [
						{
							"origin": [3, 1.25, 1],
							"size": [1, 2, 0.5],
							"uv": {
								"north": {"uv": [28, 17], "uv_size": [1, 2]},
								"east": {"uv": [28, 19], "uv_size": [1, 2]},
								"south": {"uv": [21, 28], "uv_size": [1, 2]},
								"west": {"uv": [28, 21], "uv_size": [1, 2]},
								"up": {"uv": [12, 32], "uv_size": [1, 1]},
								"down": {"uv": [32, 13], "uv_size": [1, -1]}
							}
						},
						{
							"origin": [4, 1.5, 1],
							"size": [1, 1.625, 0.5],
							"uv": {
								"north": {"uv": [22, 28], "uv_size": [1, 2]},
								"east": {"uv": [23, 28], "uv_size": [1, 2]},
								"south": {"uv": [28, 23], "uv_size": [1, 2]},
								"west": {"uv": [24, 28], "uv_size": [1, 2]},
								"up": {"uv": [13, 32], "uv_size": [1, 1]},
								"down": {"uv": [32, 14], "uv_size": [1, -1]}
							}
						},
						{
							"origin": [5, 1, 1],
							"size": [1, 2, 0.5],
							"uv": {
								"north": {"uv": [25, 28], "uv_size": [1, 2]},
								"east": {"uv": [28, 25], "uv_size": [1, 2]},
								"south": {"uv": [28, 27], "uv_size": [1, 2]},
								"west": {"uv": [0, 29], "uv_size": [1, 2]},
								"up": {"uv": [14, 32], "uv_size": [1, 1]},
								"down": {"uv": [32, 15], "uv_size": [1, -1]}
							}
						},
						{
							"origin": [-4, 1.25, 1],
							"size": [1, 2, 0.5],
							"uv": {
								"north": {"uv": [5, 29], "uv_size": [1, 2]},
								"east": {"uv": [29, 5], "uv_size": [1, 2]},
								"south": {"uv": [6, 29], "uv_size": [1, 2]},
								"west": {"uv": [7, 29], "uv_size": [1, 2]},
								"up": {"uv": [16, 32], "uv_size": [1, 1]},
								"down": {"uv": [32, 17], "uv_size": [1, -1]}
							}
						},
						{
							"origin": [-5, 1.5, 1],
							"size": [1, 1.625, 0.5],
							"uv": {
								"north": {"uv": [29, 7], "uv_size": [1, 2]},
								"east": {"uv": [29, 9], "uv_size": [1, 2]},
								"south": {"uv": [29, 11], "uv_size": [1, 2]},
								"west": {"uv": [12, 29], "uv_size": [1, 2]},
								"up": {"uv": [17, 32], "uv_size": [1, 1]},
								"down": {"uv": [32, 18], "uv_size": [1, -1]}
							}
						},
						{
							"origin": [-6, 1, 1],
							"size": [1, 2, 0.5],
							"uv": {
								"north": {"uv": [29, 13], "uv_size": [1, 2]},
								"east": {"uv": [29, 15], "uv_size": [1, 2]},
								"south": {"uv": [17, 29], "uv_size": [1, 2]},
								"west": {"uv": [29, 17], "uv_size": [1, 2]},
								"up": {"uv": [18, 32], "uv_size": [1, 1]},
								"down": {"uv": [32, 19], "uv_size": [1, -1]}
							}
						}
					]
				},
				{
					"name": "wing2",
					"parent": "wing",
					"pivot": [8, 0, -5],
					"rotation": [0, 0, -22.5],
					"cubes": [
						{
							"origin": [-1.25, 6.5, 1],
							"size": [3, 0.75, 0.5],
							"uv": {
								"north": {"uv": [27, 0], "uv_size": [3, 1]},
								"east": {"uv": [11, 32], "uv_size": [1, 1]},
								"south": {"uv": [27, 1], "uv_size": [3, 1]},
								"west": {"uv": [32, 11], "uv_size": [1, 1]},
								"up": {"uv": [27, 2], "uv_size": [3, 1]},
								"down": {"uv": [3, 28], "uv_size": [3, -1]}
							}
						},
						{
							"origin": [-5.25, 7.37, 1],
							"size": [1.5, 0.75, 0.5],
							"uv": {
								"north": {"uv": [18, 29], "uv_size": [2, 1]},
								"east": {"uv": [19, 32], "uv_size": [1, 1]},
								"south": {"uv": [29, 19], "uv_size": [2, 1]},
								"west": {"uv": [32, 19], "uv_size": [1, 1]},
								"up": {"uv": [29, 20], "uv_size": [2, 1]},
								"down": {"uv": [29, 22], "uv_size": [2, -1]}
							}
						}
					]
				},
				{
					"name": "wing3",
					"parent": "wing",
					"pivot": [0, 8, 3],
					"rotation": [0, 0, 22.5],
					"cubes": [
						{
							"origin": [2, 4, 1],
							"size": [3, 0.75, 0.5],
							"uv": {
								"north": {"uv": [26, 14], "uv_size": [3, 1]},
								"east": {"uv": [10, 32], "uv_size": [1, 1]},
								"south": {"uv": [26, 15], "uv_size": [3, 1]},
								"west": {"uv": [32, 10], "uv_size": [1, 1]},
								"up": {"uv": [25, 26], "uv_size": [3, 1]},
								"down": {"uv": [0, 28], "uv_size": [3, -1]}
							}
						},
						{
							"origin": [7.45, 4.9, 1],
							"size": [1.5, 0.75, 0.5],
							"uv": {
								"north": {"uv": [1, 29], "uv_size": [2, 1]},
								"east": {"uv": [15, 32], "uv_size": [1, 1]},
								"south": {"uv": [3, 29], "uv_size": [2, 1]},
								"west": {"uv": [32, 15], "uv_size": [1, 1]},
								"up": {"uv": [29, 3], "uv_size": [2, 1]},
								"down": {"uv": [29, 5], "uv_size": [2, -1]}
							}
						}
					]
				}
			]
		}
	]
}